tabla_origen,id_cliente,nombre_completo,documento_identidad,correo_electronico,telefono,direccion,fecha_registro,id_producto,sku_codigo,nombre_producto,categoria,marca,precio_unitario,stock_disponible,id_pedido,fecha_pedido,canal_venta,metodo_pago,estado_pedido,monto_total,id_detalle,cantidad,descuento_aplicado,id_envio,empresa_transporte,codigo_rastreo,direccion_entrega,fecha_despacho,fecha_entrega,id_pago,pasarela,tipo_tarjeta,monto_procesado,codigo_respuesta
raw_detalle_pedidos,,,,,,,,P0027,,,,,437000.0,,PED00035,,,,,,DET00001,0.0,999999.0,,,,,,,,,,,
raw_detalle_pedidos,,,,,,,,P0030,,,,,115000,,PED00032,,,,,,DET00002,5.0,0.0,,,,,,,,,,,
raw_detalle_pedidos,,,,,,,,P0013,,,,,180000,,PED00050,,,,,,DET00003,5.0,25000.0,,,,,,,,,,,
raw_detalle_pedidos,,,,,,,,P0056,,,,,95000,,PED00018,,,,,,DET00004,1.0,5000.0,,,,,,,,,,,
raw_detalle_pedidos,,,,,,,,P0022,,,,,65000,,PED00054,,,,,,DET00005,5.0,5000.0,,,,,,,,,,,
raw_detalle_pedidos,,,,,,,,P0019,,,,,290000,,PED00001,,,,,,DET00006,3.0,25000.0,,,,,,,,,,,
raw_detalle_pedidos,,,,,,,,P0043,,,,,180000,,PED00075,,,,,,DET00007,4.0,0.0,,,,,,,,,,,
raw_detalle_pedidos,,,,,,,,P0035,,,,,828000.0,,PED00058,,,,,,DET00008,4.0,5000.0,,,,,,,,,,,
raw_detalle_pedidos,,,,,,,,P0036,,,,,95000,,PED00043,,,,,,DET00009,5.0,10000.0,,,,,,,,,,,
raw_detalle_pedidos,,,,,,,,P0060,,,,,115000,,PED00059,,,,,,DET00010,3.0,0.0,,,,,,,,,,,
raw_detalle_pedidos,,,,,,,,P0037,,,,,380000,,PED00031,,,,,,DET00011,4.0,0.0,,,,,,,,,,,
raw_detalle_pedidos,,,,,,,,P0003,,,,,180000,,PED00053,,,,,,DET00012,3.0,10000.0,,,,,,,,,,,
raw_detalle_pedidos,,,,,,,,P0025,,,,,720000,,PED00049,,,,,,DET00013,2.0,10000.0,,,,,,,,,,,
raw_detalle_pedidos,,,,,,,,P0009,,,,,290000,,PED00005,,,,,,DET00014,5.0,25000.0,,,,,,,,,,,
raw_detalle_pedidos,,,,,,,,P0056,,,,,109250.0,,PED00043,,,,,,DET00015,0.0,10000.0,,,,,,,,,,,
raw_detalle_pedidos,,,,,,,,P0034,,,,,420000,,PED00013,,,,,,DET00016,4.0,0.0,,,,,,,,,,,
raw_detalle_pedidos,,,,,,,,P0027,,,,,380000,,PED00019,,,,,,DET00017,2.0,999999.0,,,,,,,,,,,
raw_detalle_pedidos,,,,,,,,P0051,,,,,2450000,,PED00061,,,,,,DET00018,3.0,5000.0,,,,,,,,,,,
raw_detalle_pedidos,,,,,,,,P0045,,,,,720000,,PED00080,,,,,,DET00019,4.0,0.0,,,,,,,,,,,
raw_detalle_pedidos,,,,,,,,P0055,,,,,720000,,PED00043,,,,,,DET00020,-2.0,10000.0,,,,,,,,,,,
raw_detalle_pedidos,,,,,,,,P0041,,,,,2450000,,PED00041,,,,,,DET00021,4.0,25000.0,,,,,,,,,,,
raw_detalle_pedidos,,,,,,,,P0040,,,,,132250.0,,PED00005,,,,,,DET00022,1.0,0.0,,,,,,,,,,,
raw_detalle_pedidos,,,,,,,,P0015,,,,,720000,,PED00037,,,,,,DET00023,1.0,10000.0,,,,,,,,,,,
raw_detalle_pedidos,,,,,,,,P0049,,,,,290000,,PED00013,,,,,,DET00024,1.0,10000.0,,,,,,,,,,,
raw_detalle_pedidos,,,,,,,,P0045,,,,,720000,,PED00022,,,,,,DET00025,3.0,0.0,,,,,,,,,,,
raw_detalle_pedidos,,,,,,,,P0021,,,,,2450000,,PED00006,,,,,,DET00026,1.0,5000.0,,,,,,,,,,,
raw_detalle_pedidos,,,,,,,,P0024,,,,,420000,,PED00046,,,,,,DET00027,4.0,0.0,,,,,,,,,,,
raw_detalle_pedidos,,,,,,,,P0034,,,,,420000,,PED00032,,,,,,DET00028,4.0,25000.0,,,,,,,,,,,
raw_detalle_pedidos,,,,,,,,P0011,,,,,2817500.0,,PED00024,,,,,,DET00029,0.0,0.0,,,,,,,,,,,
raw_detalle_pedidos,,,,,,,,P0056,,,,,95000,,PED00079,,,,,,DET00030,4.0,25000.0,,,,,,,,,,,
raw_detalle_pedidos,,,,,,,,P0032,,,,,65000,,PED00031,,,,,,DET00031,5.0,0.0,,,,,,,,,,,
raw_detalle_pedidos,,,,,,,,P0030,,,,,115000,,PED00030,,,,,,DET00032,3.0,10000.0,,,,,,,,,,,
raw_detalle_pedidos,,,,,,,,P0043,,,,,180000,,PED00033,,,,,,DET00033,1.0,999999.0,,,,,,,,,,,
raw_detalle_pedidos,,,,,,,,P0044,,,,,420000,,PED00037,,,,,,DET00034,5.0,0.0,,,,,,,,,,,
raw_detalle_pedidos,,,,,,,,P0029,,,,,290000,,PED00010,,,,,,DET00035,3.0,25000.0,,,,,,,,,,,
raw_detalle_pedidos,,,,,,,,P0041,,,,,2817500.0,,PED00039,,,,,,DET00036,4.0,5000.0,,,,,,,,,,,
raw_detalle_pedidos,,,,,,,,P0055,,,,,720000,,PED00059,,,,,,DET00037,3.0,0.0,,,,,,,,,,,
raw_detalle_pedidos,,,,,,,,P0055,,,,,720000,,PED00050,,,,,,DET00038,4.0,0.0,,,,,,,,,,,
raw_detalle_pedidos,,,,,,,,P0025,,,,,720000,,PED00031,,,,,,DET00039,-2.0,5000.0,,,,,,,,,,,
raw_detalle_pedidos,,,,,,,,P0019,,,,,290000,,PED00074,,,,,,DET00040,3.0,0.0,,,,,,,,,,,
raw_detalle_pedidos,,,,,,,,P0018,,,,,170000,,PED00051,,,,,,DET00041,1.0,25000.0,,,,,,,,,,,
raw_detalle_pedidos,,,,,,,,P0059,,,,,290000,,PED00007,,,,,,DET00042,5.0,10000.0,,,,,,,,,,,
raw_detalle_pedidos,,,,,,,,P0050,,,,,132250.0,,PED00037,,,,,,DET00043,0.0,25000.0,,,,,,,,,,,
raw_detalle_pedidos,,,,,,,,P0015,,,,,720000,,PED00046,,,,,,DET00044,2.0,25000.0,,,,,,,,,,,
raw_detalle_pedidos,,,,,,,,P0044,,,,,420000,,PED00033,,,,,,DET00045,2.0,0.0,,,,,,,,,,,
raw_detalle_pedidos,,,,,,,,P0020,,,,,115000,,PED00006,,,,,,DET00046,4.0,0.0,,,,,,,,,,,
raw_detalle_pedidos,,,,,,,,P0024,,,,,420000,,PED00075,,,,,,DET00047,2.0,0.0,,,,,,,,,,,
raw_detalle_pedidos,,,,,,,,P0021,,,,,2450000,,PED00038,,,,,,DET00048,4.0,0.0,,,,,,,,,,,
raw_detalle_pedidos,,,,,,,,P0009,,,,,290000,,PED00026,,,,,,DET00049,5.0,999999.0,,,,,,,,,,,
raw_detalle_pedidos,,,,,,,,P0033,,,,,207000.0,,PED00068,,,,,,DET00050,3.0,0.0,,,,,,,,,,,
raw_detalle_pedidos,,,,,,,,P0059,,,,,290000,,PED00033,,,,,,DET00051,4.0,5000.0,,,,,,,,,,,
raw_detalle_pedidos,,,,,,,,P0052,,,,,65000,,PED00044,,,,,,DET00052,1.0,10000.0,,,,,,,,,,,
raw_detalle_pedidos,,,,,,,,P0010,,,,,115000,,PED00010,,,,,,DET00053,2.0,10000.0,,,,,,,,,,,
raw_detalle_pedidos,,,,,,,,P0024,,,,,420000,,PED00072,,,,,,DET00054,1.0,10000.0,,,,,,,,,,,
raw_detalle_pedidos,,,,,,,,P0017,,,,,380000,,PED00002,,,,,,DET00055,5.0,0.0,,,,,,,,,,,
raw_detalle_pedidos,,,,,,,,P0024,,,,,420000,,PED00059,,,,,,DET00056,3.0,25000.0,,,,,,,,,,,
raw_detalle_pedidos,,,,,,,,P0053,,,,,207000.0,,PED00049,,,,,,DET00057,0.0,0.0,,,,,,,,,,,
raw_detalle_pedidos,,,,,,,,P0031,,,,,2450000,,PED00030,,,,,,DET00058,-2.0,25000.0,,,,,,,,,,,
raw_detalle_pedidos,,,,,,,,P0021,,,,,2450000,,PED00072,,,,,,DET00059,5.0,0.0,,,,,,,,,,,
raw_detalle_pedidos,,,,,,,,P0041,,,,,2450000,,PED00009,,,,,,DET00060,4.0,5000.0,,,,,,,,,,,
raw_detalle_pedidos,,,,,,,,P0008,,,,,170000,,PED00053,,,,,,DET00061,2.0,0.0,,,,,,,,,,,
raw_detalle_pedidos,,,,,,,,P0020,,,,,115000,,PED00005,,,,,,DET00062,4.0,0.0,,,,,,,,,,,
raw_detalle_pedidos,,,,,,,,P0016,,,,,95000,,PED00013,,,,,,DET00063,5.0,0.0,,,,,,,,,,,
raw_detalle_pedidos,,,,,,,,P0030,,,,,132250.0,,PED00050,,,,,,DET00064,3.0,25000.0,,,,,,,,,,,
raw_detalle_pedidos,,,,,,,,P0038,,,,,170000,,PED00054,,,,,,DET00065,2.0,999999.0,,,,,,,,,,,
raw_detalle_pedidos,,,,,,,,P0054,,,,,420000,,PED00013,,,,,,DET00066,4.0,25000.0,,,,,,,,,,,
raw_detalle_pedidos,,,,,,,,P0018,,,,,170000,,PED00053,,,,,,DET00067,1.0,5000.0,,,,,,,,,,,
raw_detalle_pedidos,,,,,,,,P0029,,,,,290000,,PED00028,,,,,,DET00068,4.0,0.0,,,,,,,,,,,
raw_detalle_pedidos,,,,,,,,P0007,,,,,380000,,PED00047,,,,,,DET00069,3.0,25000.0,,,,,,,,,,,
raw_detalle_pedidos,,,,,,,,P0004,,,,,420000,,PED00046,,,,,,DET00070,4.0,5000.0,,,,,,,,,,,
raw_detalle_pedidos,,,,,,,,P0008,,,,,195500.0,,PED00025,,,,,,DET00071,0.0,0.0,,,,,,,,,,,
raw_detalle_pedidos,,,,,,,,P0042,,,,,65000,,PED00028,,,,,,DET00072,5.0,0.0,,,,,,,,,,,
raw_detalle_pedidos,,,,,,,,P0051,,,,,2450000,,PED00007,,,,,,DET00073,3.0,0.0,,,,,,,,,,,
raw_detalle_pedidos,,,,,,,,P0051,,,,,2450000,,PED00017,,,,,,DET00074,5.0,0.0,,,,,,,,,,,
raw_detalle_pedidos,,,,,,,,P0054,,,,,420000,,PED00009,,,,,,DET00075,5.0,0.0,,,,,,,,,,,
raw_detalle_pedidos,,,,,,,,P0014,,,,,420000,,PED00076,,,,,,DET00076,2.0,5000.0,,,,,,,,,,,
raw_detalle_pedidos,,,,,,,,P0051,,,,,2450000,,PED00019,,,,,,DET00077,-2.0,0.0,,,,,,,,,,,
raw_detalle_pedidos,,,,,,,,P0055,,,,,828000.0,,PED00036,,,,,,DET00078,2.0,0.0,,,,,,,,,,,
raw_detalle_pedidos,,,,,,,,P0017,,,,,380000,,PED00070,,,,,,DET00079,2.0,0.0,,,,,,,,,,,
raw_detalle_pedidos,,,,,,,,P0009,,,,,290000,,PED00004,,,,,,DET00080,1.0,5000.0,,,,,,,,,,,
raw_detalle_pedidos,,,,,,,,P0038,,,,,170000,,PED00031,,,,,,DET00081,3.0,999999.0,,,,,,,,,,,
raw_detalle_pedidos,,,,,,,,P0017,,,,,380000,,PED00023,,,,,,DET00082,1.0,0.0,,,,,,,,,,,
raw_detalle_pedidos,,,,,,,,P0034,,,,,420000,,PED00054,,,,,,DET00083,1.0,0.0,,,,,,,,,,,
raw_detalle_pedidos,,,,,,,,P0029,,,,,290000,,PED00061,,,,,,DET00084,3.0,25000.0,,,,,,,,,,,
raw_detalle_pedidos,,,,,,,,P0007,,,,,437000.0,,PED00076,,,,,,DET00085,0.0,25000.0,,,,,,,,,,,
raw_detalle_pedidos,,,,,,,,P0040,,,,,115000,,PED00029,,,,,,DET00086,1.0,25000.0,,,,,,,,,,,
raw_detalle_pedidos,,,,,,,,P0030,,,,,115000,,PED00039,,,,,,DET00087,1.0,0.0,,,,,,,,,,,
raw_detalle_pedidos,,,,,,,,P0055,,,,,720000,,PED00062,,,,,,DET00088,4.0,10000.0,,,,,,,,,,,
raw_detalle_pedidos,,,,,,,,P0032,,,,,65000,,PED00014,,,,,,DET00089,4.0,0.0,,,,,,,,,,,
raw_detalle_pedidos,,,,,,,,P0021,,,,,2450000,,PED00011,,,,,,DET00090,5.0,0.0,,,,,,,,,,,
