id_envio,id_pedido,empresa_transporte,codigo_rastreo,direccion_entrega,fecha_despacho,fecha_entrega
ENV00002,PED00042,Coordinadora,TRK734836,"Carrera 77 # 68-38, Cali",2026-02-03,2026-02-07
ENV00003,PED00056,Coordinadora,TRK855855,"Carrera 90 # 15-84, Armenia",2026-02-05,2026-02-06
ENV00004,PED00028,Coordinadora,TRK518098,"Carrera 58 # 30-53, Medellín",2026-02-07,2026-02-11
ENV00005,PED00054,Interrapidísimo,TRK367271,"Carrera 13 # 41-55, Medellín",2026-02-09,2026-02-15
ENV00006,PED00048,Servientrega,TRK197758,"Carrera 88 # 61-9, Manizales",2026-02-11,2026-02-13
ENV00007,PED00056,Coordinadora,TRK162894,Carrera 96 # 48-17,2026-02-13,2026-02-14
ENV00008,PED00076,Coordinadora,TRK470774,"Carrera 72 # 43-86, Manizales",2026-02-15,2026-02-20
ENV00009,PED00055,Servientrega,TRK208633,"Carrera 7 # 37-77, Medellín",2026-02-17,
ENV00010,PED00074,Servientrega,TRK988432,"Carrera 28 # 20-85, Cali",2026-02-19,2026-02-24
ENV00011,PED00014,Coordinadora,TRK337144,"Carrera 72 # 48-15, Medellín",2026-02-21,2026-02-24
ENV00012,PED00055,Interrapidísimo,TRK683783,"Carrera 99 # 80-79, Armenia",2026-02-23,2026-02-28
ENV00013,PED00004,Servientrega,TRK289179,Carrera 85 # 89-35,2026-02-25,2026-03-02
ENV00014,PED00035,Servientrega,TRK290217,"Carrera 98 # 40-44, Medellín",2026-02-27,2026-03-05
ENV00015,PED00019,Interrapidísimo,TRK763928,"Carrera 85 # 52-9, Bogotá",2026-03-01,2026-03-06
ENV00016,PED00004,Coordinadora,TRK575682,"Carrera 96 # 68-28, Cali",2026-03-03,2026-03-04
ENV00017,PED00044,Coordinadora,TRK725185,"Carrera 48 # 40-93, Medellín",2026-03-05,
ENV00020,PED00057,Servientrega,TRK461939,"Carrera 35 # 28-97, Pereira",2026-03-11,2026-03-15
ENV00021,PED00056,Coordinadora,TRK652530,"Carrera 37 # 87-87, Pereira",2026-03-13,2026-03-14
ENV00022,PED00040,Servientrega,TRK314353,"Carrera 29 # 51-77, Manizales",2026-03-15,2026-03-16
ENV00023,PED00039,Servientrega,TRK444061,"Carrera 99 # 18-98, Medellín",2026-03-17,2026-03-19
ENV00024,PED00016,Coordinadora,TRK658453,"Carrera 64 # 56-23, Bogotá",2026-03-19,2026-03-20
ENV00025,PED00030,Servientrega,TRK516359,Carrera 72 # 86-46,2026-03-21,
ENV00026,PED00006,Coordinadora,TRK550137,"Carrera 3 # 59-10, Medellín",2026-03-23,2026-03-27
ENV00027,PED00074,Servientrega,TRK524707,"Carrera 91 # 82-54, Medellín",2026-03-25,2026-03-29
ENV00028,PED00003,Servientrega,TRK192410,"Carrera 22 # 80-59, Armenia",2026-03-27,2026-03-30
ENV00029,PED00056,Coordinadora,TRK182467,"Carrera 32 # 56-76, Cali",2026-03-29,2026-03-30
ENV00030,PED00051,Servientrega,TRK180089,"Carrera 96 # 44-29, Medellín",2026-03-31,2026-04-03
ENV00031,PED00066,Servientrega,TRK913934,Carrera 15 # 68-66,2026-04-02,2026-04-08
ENV00032,PED00045,Servientrega,TRK253557,"Carrera 94 # 83-19, Bogotá",2026-04-04,2026-04-07
ENV00033,PED00033,Servientrega,TRK285751,"Carrera 23 # 78-20, Armenia",2026-04-06,
ENV00034,PED00064,Coordinadora,TRK814220,"Carrera 97 # 73-98, Pereira",2026-04-08,2026-04-12
ENV00035,PED00073,Servientrega,TRK258290,"Carrera 82 # 80-42, Armenia",2026-04-10,2026-04-16
ENV00036,PED00057,Servientrega,TRK720148,"Carrera 61 # 57-81, Medellín",2026-04-12,2026-04-13
ENV00037,PED00008,Coordinadora,TRK573866,Carrera 65 # 10-40,2026-04-14,2026-04-17
ENV00038,PED00005,Servientrega,TRK744883,"Carrera 48 # 37-10, Armenia",2026-04-16,2026-04-17
ENV00039,PED00077,Interrapidísimo,TRK143015,"Carrera 50 # 60-75, Pereira",2026-04-18,2026-04-23
ENV00040,PED00058,Coordinadora,TRK625721,"Carrera 84 # 25-42, Pereira",2026-04-20,2026-04-25
