id_producto,sku_codigo,nombre_producto,categoria,marca,precio_unitario,stock_disponible
P0001,SKU-1000,Laptop Lenovo IdeaPad,Audio,,2450000.0,0
P0002,SKU-1001,Mouse Logitech M185,Electrónica,Logitech,65000.0,19
P0003,SKU-1002,Teclado Redragon K552,Audio,Redragon,180000.0,22
P0004,SKU-1003,Audífonos Sony WH,Ropa,Sony,420000.0,22
P0005,SKU-1004,Monitor Samsung 24,Ropa,Samsung,720000.0,31
P0006,SKU-1005,Camiseta básica,Audio,Adidas,95000.0,13
P0007,SKU-1006,Tenis deportivos,Electrónica,Nike,380000.0,60
P0008,SKU-1007,Mochila urbana,Ropa,Totto,170000.0,58
P0009,SKU-1008,Smartwatch,Electrónica,Xiaomi,290000.0,29
P0010,SKU-1009,Cargador USB-C,Audio,Anker,115000.0,24
P0011,SKU-1010,Laptop Lenovo IdeaPad,Electrónica,Lenovo,612.5,35
P0012,SKU-1011,Mouse Logitech M185,Audio,,65000.0,44
P0013,SKU-1012,Teclado Redragon K552,Electrónica,Redragon,180000.0,0
P0014,SKU-1013,Audífonos Sony WH,Electrónica,,420000.0,33
P0015,SKU-1014,Monitor Samsung 24,Electrónica,Samsung,720000.0,33
P0016,SKU-1015,Camiseta básica,Audio,Adidas,95000.0,76
P0017,SKU-1016,Tenis deportivos,Audio,,380000.0,40
P0018,SKU-1017,Mochila urbana,Electrónica,Totto,,65
P0019,SKU-1018,Smartwatch,Electrónica,Xiaomi,290000.0,73
P0020,SKU-1019,Cargador USB-C,Audio,Anker,115000.0,5
P0021,SKU-1020,Laptop Lenovo IdeaPad,Electrónica,Lenovo,612.5,66
P0022,SKU-1021,Mouse Logitech M185,Electrónica,,65000.0,55
P0023,SKU-1022,Teclado Redragon K552,Ropa,,180000.0,42
P0024,SKU-1023,Audífonos Sony WH,Ropa,,420000.0,15
P0025,SKU-1024,Monitor Samsung 24,Audio,Samsung,720000.0,0
P0026,SKU-1025,Camiseta básica,Ropa,,95000.0,51
P0027,SKU-1026,Tenis deportivos,Electrónica,Nike,380000.0,16
P0028,SKU-1027,Mochila urbana,Electrónica,,170000.0,48
P0029,SKU-1028,Smartwatch,Ropa,Xiaomi,290000.0,72
P0030,SKU-1029,Cargador USB-C,Electrónica,Anker,115000.0,70
P0031,SKU-1030,Laptop Lenovo IdeaPad,Electrónica,Lenovo,2450000.0,36
P0032,SKU-1031,Mouse Logitech M185,Ropa,Logitech,65000.0,74
P0033,SKU-1032,Teclado Redragon K552,Audio,,180000.0,56
P0034,SKU-1033,Audífonos Sony WH,Audio,,420000.0,27
P0035,SKU-1034,Monitor Samsung 24,Electrónica,Samsung,,21
P0036,SKU-1035,Camiseta básica,Ropa,Adidas,95000.0,65
P0037,SKU-1036,Tenis deportivos,Ropa,Nike,380000.0,0
P0038,SKU-1037,Mochila urbana,Electrónica,Totto,170000.0,25
P0039,SKU-1038,Smartwatch,Electrónica,Xiaomi,290000.0,5
P0040,SKU-1039,Cargador USB-C,Electrónica,Anker,115000.0,78
P0041,SKU-1040,Laptop Lenovo IdeaPad,Electrónica,,612.5,53
P0042,SKU-1041,Mouse Logitech M185,Audio,Logitech,65000.0,49
P0043,SKU-1042,Teclado Redragon K552,Electrónica,,180000.0,31
P0044,SKU-1043,Audífonos Sony WH,Electrónica,Sony,420000.0,0
P0045,SKU-1044,Monitor Samsung 24,Electrónica,,720000.0,28
P0046,SKU-1045,Camiseta básica,Audio,Adidas,95000.0,66
P0047,SKU-1046,Tenis deportivos,Electrónica,Nike,380000.0,71
P0048,SKU-1047,Mochila urbana,Electrónica,Totto,170000.0,58
P0049,SKU-1048,Smartwatch,Ropa,Xiaomi,290000.0,0
P0050,SKU-1049,Cargador USB-C,Audio,,115000.0,78
P0051,SKU-1050,Laptop Lenovo IdeaPad,Electrónica,,612.5,57
P0052,SKU-1051,Mouse Logitech M185,Audio,Logitech,,60
P0053,SKU-1052,Teclado Redragon K552,Ropa,,180000.0,31
P0054,SKU-1053,Audífonos Sony WH,Electrónica,Sony,420000.0,62
P0055,SKU-1054,Monitor Samsung 24,Electrónica,,720000.0,56
P0056,SKU-1055,Camiseta básica,Electrónica,Adidas,95000.0,36
P0057,SKU-1056,Tenis deportivos,Ropa,,380000.0,42
P0058,SKU-1057,Mochila urbana,Electrónica,Totto,170000.0,10
P0059,SKU-1058,Smartwatch,Audio,,290000.0,29
P0060,SKU-1059,Cargador USB-C,Electrónica,Anker,115000.0,19
