id_pago,id_pedido,pasarela,tipo_tarjeta,monto_procesado,codigo_respuesta
PAY00001,PED00020,PayU,Visa,3881629.3,APPROVED
PAY00003,PED00057,Mercado Pago,Pse,2973408.77,05
PAY00004,PED00021,Wompi,,1123498.98,51
PAY00005,PED00044,PayU,American Express,2052748.28,00
PAY00006,PED00043,PayU,American Express,328792.55,APPROVED
PAY00007,PED00078,Wompi,Visa,2626175.0,05
PAY00008,PED00019,Wompi,,3718442.75,00
PAY00009,PED00077,PayU,American Express,2141060.34,05
PAY00010,PED00049,Wompi,Mastercard,1948305.13,05
PAY00012,PED00003,Mercado Pago,Mastercard,1119663.12,APPROVED
PAY00013,PED00063,Mercado Pago,Mastercard,616415.44,00
PAY00014,PED00038,PayU,Pse,2541063.75,05
PAY00015,PED00068,Wompi,Pse,217829.39,00
PAY00016,PED00077,Mercado Pago,Mastercard,1161323.62,05
PAY00017,PED00022,PayU,,2177489.84,APPROVED
PAY00018,PED00031,Mercado Pago,American Express,2910286.38,51
PAY00019,PED00030,Wompi,,1625332.89,00
PAY00020,PED00048,Mercado Pago,,2051005.13,51
PAY00021,PED00037,Mercado Pago,Pse,2345465.91,51
PAY00022,PED00021,Mercado Pago,Mastercard,3320769.37,APPROVED
PAY00023,PED00007,Wompi,Pse,1941478.16,00
PAY00024,PED00067,Wompi,Visa,2560939.84,00
PAY00025,PED00035,Mercado Pago,Mastercard,1375491.7,51
PAY00027,PED00004,PayU,Pse,1273945.87,APPROVED
PAY00028,PED00031,PayU,American Express,1189190.05,00
PAY00029,PED00004,PayU,American Express,1336662.51,00
PAY00030,PED00018,PayU,Mastercard,162994.41,51
PAY00031,PED00058,PayU,Visa,1865277.36,APPROVED
PAY00032,PED00028,Mercado Pago,Pse,2513141.14,05
PAY00033,PED00055,Wompi,Mastercard,378001.24,APPROVED
PAY00034,PED00016,PayU,Pse,190860.87,51
PAY00036,PED00003,Mercado Pago,Mastercard,2584260.56,00
PAY00037,PED00038,Mercado Pago,American Express,1316254.73,00
PAY00038,PED00074,PayU,Pse,1278874.41,APPROVED
PAY00041,PED00048,PayU,American Express,798268.27,00
PAY00042,PED00045,PayU,Pse,761321.48,APPROVED
PAY00043,PED00018,Mercado Pago,American Express,244066.88,00
PAY00044,PED00060,PayU,Mastercard,2943416.6,00
PAY00046,PED00026,Mercado Pago,Visa,179228.51,APPROVED
PAY00047,PED00040,Mercado Pago,,1570381.59,APPROVED
PAY00048,PED00005,Mercado Pago,American Express,2272208.21,APPROVED
PAY00049,PED00007,Wompi,American Express,2604104.92,00
PAY00050,PED00048,PayU,,1807658.88,51
