id_detalle,id_pedido,id_producto,cantidad,precio_unitario,descuento_aplicado
DET00002,PED00032,P0030,5,115000.0,0.0
DET00003,PED00050,P0013,5,180000.0,25000.0
DET00004,PED00018,P0056,1,95000.0,5000.0
DET00005,PED00054,P0022,5,65000.0,5000.0
DET00006,PED00001,P0019,3,290000.0,25000.0
DET00007,PED00075,P0043,4,180000.0,0.0
DET00008,PED00058,P0035,4,828000.0,5000.0
DET00009,PED00043,P0036,5,95000.0,10000.0
DET00010,PED00059,P0060,3,115000.0,0.0
DET00011,PED00031,P0037,4,380000.0,0.0
DET00012,PED00053,P0003,3,180000.0,10000.0
DET00013,PED00049,P0025,2,720000.0,10000.0
DET00014,PED00005,P0009,5,290000.0,25000.0
DET00018,PED00061,P0051,3,2450000.0,5000.0
DET00019,PED00080,P0045,4,720000.0,0.0
DET00021,PED00041,P0041,4,2450000.0,25000.0
DET00022,PED00005,P0040,1,132250.0,0.0
DET00023,PED00037,P0015,1,720000.0,10000.0
DET00025,PED00022,P0045,3,720000.0,0.0
DET00026,PED00006,P0021,1,2450000.0,5000.0
DET00027,PED00046,P0024,4,420000.0,0.0
DET00028,PED00032,P0034,4,420000.0,25000.0
DET00030,PED00079,P0056,4,95000.0,25000.0
DET00031,PED00031,P0032,5,65000.0,0.0
DET00032,PED00030,P0030,3,115000.0,10000.0
DET00034,PED00037,P0044,5,420000.0,0.0
DET00035,PED00010,P0029,3,290000.0,25000.0
DET00036,PED00039,P0041,4,2817500.0,5000.0
DET00037,PED00059,P0055,3,720000.0,0.0
DET00038,PED00050,P0055,4,720000.0,0.0
DET00040,PED00074,P0019,3,290000.0,0.0
DET00041,PED00051,P0018,1,170000.0,25000.0
DET00042,PED00007,P0059,5,290000.0,10000.0
DET00044,PED00046,P0015,2,720000.0,25000.0
DET00045,PED00033,P0044,2,420000.0,0.0
DET00046,PED00006,P0020,4,115000.0,0.0
DET00047,PED00075,P0024,2,420000.0,0.0
DET00048,PED00038,P0021,4,2450000.0,0.0
DET00049,PED00026,P0009,5,290000.0,999999.0
DET00050,PED00068,P0033,3,207000.0,0.0
DET00051,PED00033,P0059,4,290000.0,5000.0
DET00052,PED00044,P0052,1,65000.0,10000.0
DET00053,PED00010,P0010,2,115000.0,10000.0
DET00054,PED00072,P0024,1,420000.0,10000.0
DET00055,PED00002,P0017,5,380000.0,0.0
DET00056,PED00059,P0024,3,420000.0,25000.0
DET00059,PED00072,P0021,5,2450000.0,0.0
DET00061,PED00053,P0008,2,170000.0,0.0
DET00062,PED00005,P0020,4,115000.0,0.0
DET00064,PED00050,P0030,3,132250.0,25000.0
DET00067,PED00053,P0018,1,170000.0,5000.0
DET00068,PED00028,P0029,4,290000.0,0.0
DET00069,PED00047,P0007,3,380000.0,25000.0
DET00070,PED00046,P0004,4,420000.0,5000.0
DET00072,PED00028,P0042,5,65000.0,0.0
DET00073,PED00007,P0051,3,2450000.0,0.0
DET00074,PED00017,P0051,5,2450000.0,0.0
DET00076,PED00076,P0014,2,420000.0,5000.0
DET00078,PED00036,P0055,2,828000.0,0.0
DET00079,PED00070,P0017,2,380000.0,0.0
DET00080,PED00004,P0009,1,290000.0,5000.0
DET00082,PED00023,P0017,1,380000.0,0.0
DET00083,PED00054,P0034,1,420000.0,0.0
DET00084,PED00061,P0029,3,290000.0,25000.0
DET00086,PED00029,P0040,1,115000.0,25000.0
DET00087,PED00039,P0030,1,115000.0,0.0
DET00088,PED00062,P0055,4,720000.0,10000.0
DET00089,PED00014,P0032,4,65000.0,0.0
