id_pedido,id_cliente,fecha_pedido,canal_venta,metodo_pago,estado_pedido,monto_total
PED00001,C0011,,Web,Efectivo,Pendiente,
PED00002,C0002,,Tienda,Efectivo,Cancelado,3181696.71
PED00003,C0002,,App,Pse,Cancelado,367100.32
PED00004,C0012,,App,Nequi,Completado,251973.45
PED00005,C0030,,App,Nequi,Cancelado,1197812.65
PED00006,C0017,2026-01-16,App,Tarjeta,Cancelado,2935395.33
PED00007,C0035,,App,Pse,Cancelado,258132.78
PED00008,C0005,,Tienda,Tarjeta,Completado,2751817.03
PED00010,C0016,,Tienda,Tarjeta,Pendiente,
PED00012,C0011,,Tienda,Tarjeta,Completado,2152153.01
PED00014,C0037,,App,Daviplata,Cancelado,2396527.72
PED00015,C0013,,Tienda,Pse,Completado,339907.95
PED00016,C0045,2026-02-15,Tienda,Efectivo,Completado,2721884.63
PED00017,C0051,,Web,Nequi,Pendiente,3444747.68
PED00018,C0028,,Web,Efectivo,Cancelado,2342402.99
PED00019,C0022,,App,Daviplata,Completado,
PED00020,C0028,,Tienda,Daviplata,Cancelado,3365893.48
PED00021,C0010,2026-03-02,Tienda,Efectivo,Cancelado,1569366.04
PED00022,C0018,,Tienda,Daviplata,Cancelado,2186420.25
PED00023,C0028,,Tienda,Nequi,Completado,2904012.33
PED00024,C0055,,Web,Nequi,Cancelado,919593.48
PED00025,C0016,,Tienda,Efectivo,Cancelado,2646628.88
PED00026,C0025,2026-03-17,App,Nequi,Completado,1230476.44
PED00027,C0032,,App,Nequi,Completado,805449.89
PED00028,C0057,,App,Efectivo,Completado,
PED00029,C0034,,Web,Pse,Cancelado,3322374.02
PED00030,C0027,,Web,Daviplata,Cancelado,1750936.24
PED00031,C0046,2026-04-01,Web,Tarjeta,Completado,1758608.97
PED00032,C0015,,Web,Nequi,Cancelado,1463051.86
PED00033,C0038,,Tienda,Efectivo,Completado,1342049.94
PED00034,C0028,,Tienda,Nequi,Completado,3488479.61
PED00035,C0045,,App,Nequi,Completado,1631808.8
PED00036,C0008,2026-04-16,App,Tarjeta,Cancelado,2546792.41
PED00037,C0035,,Tienda,Pse,Completado,
PED00038,C0014,,App,Efectivo,Pendiente,2606027.92
PED00039,C0039,,Web,Pse,Completado,1047855.57
PED00040,C0015,,App,Tarjeta,Cancelado,1314213.26
PED00041,C0035,2026-05-01,Web,Tarjeta,Pendiente,512913.72
PED00042,C0019,,Web,Daviplata,Completado,2465167.48
PED00043,C0056,,App,Daviplata,Cancelado,121947.68
PED00044,C0029,,Web,Nequi,Cancelado,1245214.29
PED00045,C0008,,App,Daviplata,Completado,2891635.51
PED00046,C0037,2026-05-16,Web,Pse,Completado,
PED00047,C0052,,App,Tarjeta,Completado,2004911.42
PED00048,C0008,,App,Efectivo,Pendiente,1988609.78
PED00049,C0051,,Tienda,Daviplata,Cancelado,2194990.77
PED00050,C0059,,Tienda,Daviplata,Completado,1594105.83
PED00051,C0037,2026-05-31,Tienda,Tarjeta,Completado,2203913.44
PED00052,C0041,,Tienda,Tarjeta,Completado,801706.17
PED00053,C0016,,Web,Pse,Completado,674442.34
PED00054,C0027,,Tienda,Daviplata,Completado,1620722.67
PED00055,C0003,,Tienda,Nequi,Cancelado,
PED00056,C0056,2026-06-15,Tienda,Pse,Completado,1632787.14
PED00057,C0051,,Tienda,Pse,Cancelado,2786067.29
PED00058,C0008,,Tienda,Pse,Completado,1942403.34
PED00059,C0053,,Web,Pse,Completado,566448.1
PED00060,C0039,,Tienda,Nequi,Cancelado,2641435.41
PED00061,C0008,2026-06-30,App,Daviplata,Completado,1682947.06
PED00062,C0033,,App,Tarjeta,Pendiente,1926736.94
PED00063,C0003,,Tienda,Nequi,Pendiente,3121826.28
PED00064,C0017,,Web,Efectivo,Pendiente,
PED00066,C0003,2026-07-15,Web,Daviplata,Pendiente,2689832.79
PED00067,C0042,,App,Pse,Pendiente,1592424.56
PED00068,C0028,,App,Tarjeta,Cancelado,2250963.74
PED00069,C0023,,App,Tarjeta,Completado,1476550.48
PED00070,C0022,,App,Nequi,Cancelado,1487826.21
PED00072,C0006,,App,Tarjeta,Cancelado,1155648.68
PED00073,C0056,,Web,Efectivo,Cancelado,
PED00074,C0027,,Tienda,Nequi,Pendiente,265377.97
PED00075,C0049,,App,Tarjeta,Completado,1784846.41
PED00076,C0018,2026-08-14,App,Daviplata,Cancelado,1958331.17
PED00077,C0032,,Tienda,Efectivo,Completado,495277.21
PED00078,C0046,,Tienda,Tarjeta,Pendiente,621653.32
PED00079,C0027,,Web,Daviplata,Completado,398775.47
PED00080,C0042,,App,Nequi,Pendiente,2925929.65
